Ticker,Market Cap,Exchange,Outstanding Shares,Q1_NetIncome,Q2_NetIncome,Q3_NetIncome,Q4_NetIncome,Q5_NetIncome,Q6_NetIncome,Q7_NetIncome,Q8_NetIncome,Month1_Volume,Month2_Volume,Month3_Volume,Month4_Volume,Month5_Volume,Month6_Volume,Month7_Volume,Month8_Volume,Month9_Volume,Month10_Volume,Month11_Volume,Month12_Volume,Month13_Volume,Month14_Volume,Month15_Volume,Month16_Volume,Month17_Volume,Month18_Volume,Month19_Volume,Month20_Volume,Month21_Volume,Month22_Volume,Month23_Volume,Month24_Volume
AA,4325628000,NYSE,178450000,-102000000,-231000000,-395000000,-746000000,549000000,469000000,-392000000,337000000,88077388,121860248,135876357,119825107,102521931,83339721,91788197,130002646,90307983,107250774,85279789,127536829,191304727,166629068,113953936,127034824,132889418,156731444,142115092,202557200,156760501,149124338,194243527,164909239
AAP,3050826000,NYSE,59470000,85362000,42651000,106696000,110982000,144402000,139791000,81669000,169813000,26461917,46925464,72038701,42510512,81128639,43233181,21055768,41002842,24776350,18194287,20396691,28359509,15499084,16959157,17809963,13667326,16756840,20853243,15367205,21327315,19719784,12940759,14600464,13488493
ACHC,7147982000,NASDAQ,92172000,72299000,66015000,61124000,71099000,80079000,60837000,70278000,66126000,9013727,8938259,7543027,16168198,14757023,13281889,11620719,14702513,12357975,8630904,13198503,13607303,12748109,12730063,12293342,13469039,10094167,12915716,16427189,13505360,7914827,9812817,8768932,7537335
ACI,12865450000,NYSE,575893000,266900000,417200000,311100000,375500000,342700000,484200000,455100000,424500000,42404542,115582753,55673917,47806367,99370869,99841753,70218144,129173048,67907690,50574035,43704726,75912322,191747681,76665692,56919853,68609643,55610396,54498648,60496568,64558040,23362694,54721620,43721752,23641855
ACM,10835967000,NYSE,138727000,,,,,,,,,8188398,15002327,15754630,10846623,21767777,23608714,11601802,24397447,29229922,18144081,15245894,14962512,12589702,14952036,12770881,10504433,14956352,16096676,14824885,20591141,14905022,12481602,17781476,22058257
ADC,5309076000,NYSE,96269000,40868000,41614000,40926000,39425000,35973000,36113000,33150000,36663000,13567322,15135931,19755198,17406463,29709161,14695024,11355735,18983549,34884075,14086392,19903612,16958730,14676811,23047869,11876875,13505016,17401219,20160748,12308072,14470620,10927229,9454161,17078102,9189726
ADT,5997175000,NYSE,866481000,92211000,-89698000,151443000,-121987000,91517000,51645000,-57947000,-109129000,30475368,48325035,51194031,42380252,79985723,86468432,47726226,70602558,47523897,46973756,75926557,100720019,148154091,78230299,40515797,30317134,59682247,40129761,34343165,67115156,35948524,49486203,35224016,49114011
AFG,9258619000,NYSE,84864000,200000000,212000000,276000000,165000000,167000000,290000000,355000000,219000000,5646885,8783312,8239700,6098626,7751976,7828590,5735380,9409262,8030992,5812877,6910131,11059966,7436972,7272629,7191441,6586799,7222829,9227230,5553284,7819799,6168430,5412811,5406661,6595994
AFRM,5387346000,NASDAQ,239683000,-205962000,-205677000,-322437000,-251269000,-186396000,-54671000,-159735000,-306615000,179424135,270333506,369441905,314479563,395509783,374737468,181246338,390822121,446045975,363796457,316576677,358359903,229501776,222860717,323139892,317602835,328149437,484324880,161450274,285129456,418722167,275814130,193396949,234406499
AGCO,8674063000,NYSE,74880000,319200000,232600000,322200000,237900000,177700000,151800000,282100000,181300000,8261461,13930298,12289343,10670707,13446707,15610884,9777898,15016822,16879817,10799729,13592892,12250727,12400664,12848421,10882222,14019983,12478062,16749793,15182882,23416068,15587638,11898325,12977300,12829869
AGL,7359498000,NYSE,405482000,-16749000,16022000,-56466000,-30668000,-20649000,1230000,-56721000,-35843000,33218805,40749084,54032882,49245289,69653750,103189531,48444273,82919621,37713961,40070626,36392753,40352644,33181182,53813808,59351287,47776202,33737119,62285187,26869451,45420843,31523231,39505127,68310633,29755827
AGNC,5200141000,NASDAQ,606077000,,,,,,,,,224939868,239922867,263554574,206992491,205186648,224835849,197550161,308840910,211110040,226379468,234431354,262318202,444607372,282739448,141826482,190630427,284248593,361179454,233249355,206320263,192288039,164776629,154185079,121140038
AGO,3592799000,NYSE,58610000,125000000,81000000,94000000,11000000,-47000000,66000000,263000000,17000000,3156265,6723927,4323221,4489619,5510777,5339223,4169874,8171777,4072011,4579016,8092589,5524853,6330954,8226011,7493830,6718393,9898996,7409451,7613535,10956256,8660729,9200079,10989608,8506168
AGR,11885473000,NYSE,386771000,85000000,245000000,147000000,105000000,184000000,445000000,164000000,111000000,19925133,15466341,16953024,13578293,12443929,13572497,11435069,13542057,11940797,13640655,10101053,11146359,15354537,19981739,10948150,12682332,17880834,17712747,17855435,16215385,10184528,10939681,15594451,8560385
AIRC,4643851000,NYSE,149224000,-1341000,-11377000,329568000,1759000,196927000,376178000,372881000,9378000,11884963,15059156,21627327,19010092,21763194,19591381,13648641,20607058,17375319,14157187,25670234,15963343,20195009,20375828,13164500,9877049,19265295,24247893,15395447,20199958,15300059,14082178,15955731,10235753
AL,3843754000,NYSE,111027000,132401000,128720000,145310000,110381000,116277000,-468993000,151781000,107337000,9755525,10362133,11449298,14426370,15623027,14510197,10503467,16081554,9408560,9622950,8786904,9530146,9665370,11660308,11480993,10518568,15476170,16103072,13893066,30534857,28052081,38807459,9996084,13535335
ALGM,5678940000,NASDAQ,192376000,60850000,61977000,64519000,50614000,10247000,25616000,32936000,33186000,18607637,27895794,32283184,30899478,26799529,36123738,33035821,34368515,33945791,27762036,34085446,19878342,13790272,12757645,8378779,9158587,14000540,14909287,10278499,10620140,9739130,17946093,18658722,17816228
ALLY,7426131000,NYSE,301619000,329000000,319000000,278000000,299000000,482000000,655000000,652000000,712000000,79436869,127968498,68847748,80162745,93827912,86672217,102131494,204818953,99548701,158578606,108945069,95539261,122851800,93150225,89739137,73014750,81390786,80615409,91215484,105135400,63073475,78413600,59322794,68551014
ALNY,20635165000,NASDAQ,125001000,,,,,,,,,11431453,14231283,10622506,10404254,11713951,13253711,15656839,19322896,16243988,15311013,15516378,15902710,22511061,23538777,30011010,12451132,20656681,17521224,18747399,17828917,14979561,16206566,20935467,14253001
ALSN,5288821000,NYSE,89535000,175000000,170000000,141000000,139000000,122000000,129000000,118000000,94000000,7215015,11024245,14146702,12556251,17106463,17180407,15920831,16729272,16389182,16302997,17604622,17283929,17992581,18882695,24543436,10502139,17664034,16064622,16862620,18792490,15905484,21576506,26976255,22180696
AM,6000772000,NYSE,479678000,87012000,86507000,82793000,84014000,79395000,80040000,78626000,89327000,29670560,50632494,39892550,42120991,47518063,59494418,47203904,58986781,63346946,59035612,61451927,55827254,60375573,78949553,57684539,82645677,87915137,71545786,67373045,91968931,77084542,72562677,77481072,48733754
AMBP,1601568000,NYSE,597600000,-10000000,-13000000,12000000,68000000,100000000,57000000,16000000,-178000000,14044722,17641648,19872295,21765970,29977106,30988096,37698295,44575425,27353840,28747614,45777816,35299249,26563573,46222995,30606666,27293209,53617991,53162308,17242190,28440011,20509025,25464953,29841877,17650306
AMC,1856621000,NYSE,198357000,8600000,-235500000,-287700000,-226900000,-121600000,-337400000,-134400000,-224200000,335929329,561080806,1228693001,784514515,361068944,351277223,608459043,647355317,960817251,593214672,660118336,557473205,473924406,548550863,1444932442,713187217,820467963,1068652828,708965850,1510514654,983320977,967231909,1192504060,723027068
AMED,3020184000,NASDAQ,32633000,-80275000,25246000,31717000,25642000,29579000,31671000,34047000,45006000,6339069,8356737,8724320,8707053,16687876,19226606,7910618,8717230,9291913,9061111,7609885,10076971,10938762,6886317,7169359,9256034,11334676,6889107,6410901,7162042,6466894,6688814,8452593,8313809
AMG,4387522000,NYSE,35046900,125300000,134500000,777900000,112600000,109400000,146000000,178400000,128400000,3580936,5073306,5557131,5733268,4773775,4989070,4123007,8257423,5724915,5602238,5897799,6799054,6001514,5773467,5869850,4247125,6065626,5129247,5324691,6247975,5137595,5240331,5718753,4273587
AMH,14042451000,NYSE,361366000,,,,,,,,,29171560,38146870,42709135,47592682,53249197,46282780,39478868,67278024,39681831,34843566,41029559,50128151,49245080,51559979,35537214,41699980,57111785,82385630,58529700,59802689,39713548,60806114,31441907,36483671
AN,5895772000,NYSE,44047600,272500000,288700000,286400000,352600000,376300000,362100000,387100000,361700000,7249787,10854297,11621585,16918544,13400203,11546219,12818759,18253202,16999294,14007895,18929147,16478799,25232889,22295573,13333267,15571547,14469223,18384848,24813855,16853089,16712616,16291599,22724135,17104554
APLS,5437095000,NASDAQ,117737000,-122037000,-177778000,-165991000,-191269000,-155977000,-138935000,-147933000,-195571000,39194571,55141632,121622370,137499366,38949274,33722301,35759618,37202684,44713538,21396215,20245486,41947272,26149768,32183123,28032491,26124850,18996430,23663564,20519321,34338536,13805860,20117271,17436119,32594931
APO,47267369000,NYSE,566891000,599000000,1010000000,584000000,-876000000,-2051000000,-870000000,244000000,258000000,37981485,42387167,56966001,36344370,61290645,56583672,35331674,98104605,50591199,41534275,44293007,60424573,49604829,59124469,50441843,38554545,81723100,80976103,51193127,91196661,65877074,103504790,84416739,48047968
APP,13397102000,NASDAQ,276633000,,,,,,,,,29777432,54783881,79201228,34102230,61515015,76043289,45502482,54577588,80019928,52726143,84075597,80786601,41475104,53873585,76251374,39252644,72378906,89619090,28453165,46939947,40770348,28179992,56154458,42567088
AR,8518890000,NYSE,300384000,-83084000,213431000,730296000,559759000,765135000,-156419000,901385000,-549318000,72390757,85510319,106024681,107137483,126957239,126296353,95561445,132519136,133619824,114204782,125141599,118928222,218567039,135878818,147888531,146162188,213190250,194279566,152169241,199508916,188445413,161754912,128259422,125762064
ARES,32014186000,NYSE,181355000,332255000,207316000,117493000,-35546000,39731000,45863000,124089000,84726000,15669992,20516584,20884038,14466718,27186093,22161873,16763892,28027421,19740214,17637229,26949758,33262931,26941960,23919028,18621325,15799480,25295419,16925437,16158701,20172871,17945135,14302555,13726746,12680729
ARMK,6896941000,NYSE,261050000,338484000,56041000,74151000,75796000,40329000,35748000,42611000,35429000,62100286,64841567,116884074,48934414,55091057,65495080,45561474,128781197,56901080,59740760,44917822,52714340,38160032,42787616,42572147,28826550,27613999,28286373,29063809,34674731,37939075,31625804,43558657,43239502
ARW,6269835000,NYSE,55663000,236559000,273750000,349402000,342399000,370334000,364749000,371208000,290027000,6304184,7739986,9393643,7369341,10332239,10831661,7927222,12713165,9322077,8433286,9840657,10008675,11246094,12930180,10410749,7331552,13112391,16889762,9932871,12178049,12219549,10029875,11228655,8287189
ASH,3894316000,NYSE,51241000,50000000,91000000,40000000,57000000,36000000,786000000,48000000,44000000,7117213,9137599,9550378,9735240,13798050,12502223,6300665,9602293,9093189,8334170,6551669,9414130,6614292,9057355,8244706,10268870,10148720,6754183,10065607,12824861,8758707,8003592,7555953,10180807
ATR,8252553000,NYSE,65637000,83072000,54764000,58996000,54244000,63625000,62423000,57609000,47260000,4739212,6109232,6736578,5635990,6432683,4620612,4405664,4799894,4688281,4146131,4788713,4622876,5415446,5272889,4466322,5337529,5235832,7413897,5116450,5583103,5558565,7169295,8566747,5662757
AVT,4232538000,NASDAQ,91317000,,,,,,,,,6231621,10592745,15970940,13336055,12137528,12847164,8668253,13916509,11593251,11750535,13568576,12758494,18119815,20322426,20743031,15875694,20031914,19671804,13782861,13684496,12386398,14660534,13468020,11943687
AVTR,14187519000,NYSE,675918000,-7300000,121500000,141700000,167000000,187400000,190400000,94000000,156800000,123203155,117890637,105197209,131857175,128214342,127776829,131109021,154036496,160935370,129245957,94470729,133750799,158247411,153788205,136821799,117553826,92992781,111518870,143936084,102452009,76463585,84263301,77132407,78596431
AWI,3118382000,NYSE,44720800,60200000,47300000,48800000,57500000,52200000,44400000,41900000,50800000,4651476,5986900,5970439,6636197,7674255,12718211,7534312,9070153,7936797,6602750,8534752,6556802,7753410,6142193,4522395,6618270,6276160,7981056,8268553,11619177,8927337,7449564,4240338,3438136
AXS,4910446000,NYSE,85221000,150674000,180097000,48491000,-9384000,34778000,149200000,204893000,54948000,6554395,8326898,10082778,9427712,7236062,9029172,11574575,16447607,11091801,10012749,9219882,9396157,14979673,10405720,7563934,8363556,9310408,13080453,13780019,13761997,10541939,10534709,6947884,6187799
AXTA,5711044000,NYSE,221702000,,,,,,,,,34664089,37964180,60162700,43139420,46239528,45154735,47241334,97096122,31214959,55371380,30806564,38211962,51094585,41323533,43022651,48908171,55787070,46196488,53454820,72487392,55100167,45056983,29583803,38094825
AYI,5148617000,NYSE,31192400,105000000,83200000,74900000,115400000,105700000,75300000,87600000,98100000,7514939,6273729,5350021,6684017,9689334,5644499,8847148,7147529,4563604,5969348,5015249,4285311,6893386,7141951,4022746,5611957,7061910,5684703,8249603,5652490,4144817,6758575,7164974,5334261
AYX,2527312000,NYSE,63165000,-120000000,-89000000,-31653000,-74513000,-107000000,-105000000,-37546000,-58039000,24942522,56257842,62072567,27482822,39305188,49009276,27951833,26352499,30451067,17028268,20421117,23709511,16172170,14012093,21842799,11236528,17541788,18783197,13102299,21833677,22022490,15810485,16460299,19288245
AZEK,4052137000,NYSE,149360000,34875000,16273000,-25836000,-4776000,27476000,35818000,16707000,38593000,26180049,31593235,42229968,24913435,35265774,43918692,25953560,29553162,48155099,35788346,41140702,41128913,42046908,35541582,43788976,30909080,50768325,53333117,42299972,46308930,43515956,37773581,23744897,28331956
AZPN,12206941000,NASDAQ,64383000,27316000,-57635000,-66197000,-11244000,53146000,-3280000,-760000,-11202000,2112951,4272644,4662738,3973948,5998266,5242781,4571844,5240864,3586146,3985171,4337804,7045209,4865388,4610426,3236394,2595784,5290346,7991406,7311472,11932283,6026013,7801967,5963598,6028851
AZTA,2961526000,NASDAQ,59195000,-1470000,-4927000,-11235000,-20765000,-9570000,2119874000,43320000,21805000,9685064,18401001,20113713,20080373,22347046,28299925,19902493,27601120,26590909,14364852,14579627,20450135,20502075,14221190,15589123,13136867,12844093,13059793,9576682,10515742,9992727,14089785,12292598,13018251
BAH,16419688000,NYSE,131043000,161388000,-68422000,30997000,170932000,138284000,90873000,128931000,154834000,17237435,13370493,18140460,15483916,19385893,21587015,16563246,23311059,18035900,30680972,15172384,26038748,21146408,16629807,16387471,21561530,21791163,24209135,17293265,27081386,25173343,21195221,13724291,16236287
BC,5080431000,NYSE,69834000,,,,,,,,,9350334,15152436,13851865,12556311,14039287,13274780,10538469,13358639,11393524,11054535,11602373,12729351,14108005,15579245,12904485,12837468,15845328,18528083,19920666,26201438,12501775,17972711,11756225,10270102
BEPC,4114031000,NYSE,179652000,291000000,-920000000,953000000,480000000,1046000000,-882000000,130000000,214000000,19589322,19208555,11428188,9672296,13126051,9682244,8773350,19332983,12606540,12747295,17422034,12339271,18043481,12283325,11444309,10170984,15810868,14190682,13627608,17211072,16371367,18697928,18301057,12458969
BERY,6600609000,NYSE,118100000,143000000,174000000,106000000,233000000,207000000,205000000,121000000,228000000,13382511,17146762,23935824,15894485,45798471,20010230,9633022,20571750,19818034,16539694,22098763,21825147,15828288,20209066,27559602,19312967,21420425,22846655,13571330,26869291,23897172,13369567,17271329,22356622
BF.A,N/A,N/A,N/A,,,,,,,,,,,,,,,,,,,,,,,,,,,,,,,,
BFAM,4572830000,NYSE,57877000,,,,,,,,,5339813,8876203,7972818,7626374,9860079,11818379,6612607,10321397,9367330,7980771,9080229,12110148,9696813,10385678,10987047,9881537,11045800,15299057,6493942,6945665,8563101,9092792,9523586,9012829
BHF,3146080000,NASDAQ,65502000,-175000000,-499000000,-941000000,-677000000,1745000000,1585000000,63000000,383000000,5735625,9686556,7864336,7148104,11316808,12171919,10285584,16623369,8353319,7021993,9371346,11639181,11173850,12136394,12343418,11619288,15920872,14006025,10416475,15097344,14018222,13160962,14260952,10977540
BILL,11804483000,NYSE,106606000,-15871000,-31138000,-95076000,-81640000,-84942000,-86720000,-80440000,-74259000,23051256,28888206,45414512,25946012,34851016,48096856,32197280,65614919,75846514,39399662,32749565,52425394,33881712,42812278,51068035,26384626,39268260,79868414,28760267,43567034,55577529,52294814,38272914,36881882
BJ,9242218000,NYSE,133732000,131325000,116077000,129781000,129942000,141007000,112450000,107568000,126517000,24060970,33487062,45619767,37635354,51484321,56126718,21087660,38545831,21369456,29801629,33163176,39527736,36910934,41292156,51987165,28978818,54278549,53145853,33847151,44698385,24292849,26840561,24368771,34716071
BKI,11876213000,NYSE,156761000,55300000,141800000,17600000,30000000,40300000,364600000,60700000,53400000,21296864,93435186,43568605,17654270,23707975,22382179,35581435,23998397,18100056,12893128,21151556,18110528,18087493,13018068,11704427,19867494,56425525,32352048,33862531,27540708,12541665,20077211,20728636,14198166
BLD,7254002000,NYSE,31757300,164400000,135870000,143833000,153746000,143697000,114711000,78358000,95435000,3794890,5072411,5321081,4187993,5513924,4623161,4504912,4977689,4841633,5138425,5597375,10148648,5321952,6473853,5398663,4677180,6336312,5885442,5071097,6831634,4547837,6192752,5107408,4328623
BLDR,13927871000,NYSE,125037000,404619000,333786000,384513000,738007000,987209000,639640000,442456000,613145000,21405721,30844424,36727406,26579794,54772642,61974614,39752682,50835792,31092011,29347830,44526636,40070817,41752894,52211939,44970985,48457770,66539740,62909539,52290494,59774617,41193859,57321483,66457398,51211025
BMRN,15541373000,NASDAQ,188175000,,,,,,,,,16430697,25698620,25463938,25673309,28921000,21025712,22084236,36816927,24791749,33924187,27503905,33587717,30424046,20788349,24564970,16864353,29522226,24577528,23792880,27524971,26417122,28365591,23646465,35866031
BOKF,5047382000,NASDAQ,66369000,151308000,162368000,168429000,156510000,132846000,62488000,117318000,188322000,2897416,3338453,3329889,4169019,4346213,4873181,3585516,6997235,2551330,3867239,6166804,3512868,4292893,3650460,4262718,4866802,4954925,3686932,3169127,4696691,3309921,4521441,3552057,2818500
BPOP,4546930000,NASDAQ,72128000,151160000,158979000,257139000,422395000,211421000,211686000,206064000,248114000,4668811,8250753,7629521,9047593,9791229,11642823,13581058,28870023,8601462,10581499,11499415,9692258,16103054,11894640,10844719,9648830,13489320,10523023,11547433,21784832,10136724,16399923,8213073,7244162
BRKR,8759781000,NASDAQ,146853000,57100000,76500000,97400000,88100000,49500000,61600000,75700000,87100000,8684128,19356895,20493963,15988620,17338376,20889181,17347987,18518727,12486998,12719497,9979031,15140896,15359130,16259272,17054062,12037607,16749464,17249506,14836750,19072131,16723171,15301573,33898950,20460662
BRX,6096026000,NYSE,300593000,,,,,,,,,42637536,49910546,45432077,36339887,45917656,47956450,37715455,57436645,55977761,49201139,49098691,45503247,52840483,45114921,32885740,34852070,52787563,49071380,41004030,68681499,57770538,64980160,50670494,43851133
BSY,15450320000,NASDAQ,283365000,48685000,45490000,25722000,36997000,55673000,56388000,38581000,-48022000,15865458,18549292,21771434,13446136,22426772,25889412,10876585,19320178,13264703,13750652,16732573,21038281,15603228,19863832,15505309,11529460,21769777,32325537,21443704,23388425,14454876,22488635,19926384,20354567
BURL,7802196000,NYSE,64684000,30892000,32748000,185200000,16783000,11966000,16174000,121636000,13619000,20006589,23750605,33080738,23015989,28039736,27608217,16957327,26276077,16089595,17113549,20223989,36595250,30206290,23437479,29090501,21162629,19396307,29691590,16320598,25418037,12516877,20385916,13372926,17905431
BWXT,7059361000,NYSE,91466000,58597000,61092000,42965000,61603000,74613000,59010000,116861000,59914000,7699716,11322510,13941088,11297695,33205666,10654177,7977764,15329342,9589110,9639609,8494294,13772197,9548251,10616536,12662763,9979634,13132747,10179665,10901457,20463314,16434802,16492090,21396434,14129000
BYD,5981718000,NYSE,100012000,192454000,199731000,172684000,157002000,146763000,162928000,109782000,138174000,9952476,18439367,14938079,15807414,16477911,20417581,17493098,20859756,20717545,13733525,20726891,18576298,18410818,25469256,20710346,18968751,27327780,23581559,21561935,29259438,25564613,19954005,23253421,25033040
CABO,3516118000,NYSE,5622100,55246000,57426000,-77210000,70607000,69245000,171476000,64835000,52255000,748312,991885,1276982,1305051,1600159,1183722,862221,1462177,1149472,1207185,1713544,3227418,1899047,1180277,1034722,923178,1099578,1455235,827116,791474,667821,903823,728973,580041
CACC,5365834000,NASDAQ,12822200,22200000,99500000,127300000,86800000,107400000,214300000,217600000,250000000,825737,1056728,1708911,1346763,1379895,1448271,1221499,1817846,2537502,3311028,2052408,2434725,1735894,1609869,1270424,1120101,1520987,2265525,1675444,2608027,1844762,1473687,2280709,2442703
CACI,7509271000,NYSE,22656500,,,,,,,,,1608055,3141720,3166381,2033230,3684294,3403128,2795733,3862285,2707686,3563777,2361839,2635824,2956646,2599621,3618762,2669568,2918568,3107912,2914983,4595956,3597878,2792675,3035976,1915003
CAR,6553073000,NASDAQ,38738900,435000000,312000000,423000000,1034000000,778000000,529000000,382000000,675000000,7336125,9164192,14867845,8033841,11199827,9909214,9044013,10730761,10810016,12099061,18313375,15655040,21306736,26359062,19733568,14143280,24112806,22891066,19190382,24951726,23176305,16703856,24802588,62369531
CASY,10025091000,NASDAQ,37266600,169237000,56092000,100112000,137555000,152932000,59776000,64024000,96831000,3490907,6751302,4344850,4715598,7730993,4783832,4526460,6352190,4574897,4793261,6055038,4471236,6015727,5797638,4856281,5945376,7344990,6088805,5002043,7673025,4107044,4806743,6240734,3280092
CAVA,None,NYSE,0,6539000,-2141000,-18846000,-11893000,-8230000,-20018000,-20519000,,19407939,34333761,37875916,38882461,,,,,,,,,,,,,,,,,,,,
CBSH,5789821000,NASDAQ,124700000,127789000,119452000,131628000,122823000,115794000,118154000,114906000,122561000,,,,,,,,,,,,,,,,,,,,,,,,
CC,3706367000,NYSE,148077000,-376000000,145000000,-97000000,240000000,201000000,234000000,233000000,214000000,,,,,,,,,,,,,,,,,,,,,,,,
CCCS,7775175000,NASDAQ,632128000,-97344000,2184000,1072000,9795000,15564000,11975000,-57869000,-189782000,,,,,,,,,,,,,,,,,,,,,,,,
CCK,9638649000,NYSE,120649000,157000000,102000000,89000000,127000000,295000000,216000000,-1001000000,102000000,,,,,,,,,,,,,,,,,,,,,,,,
CELH,13219903000,NASDAQ,76891000,51509000,41227000,-21223000,-181896000,9158000,6679000,11942000,-9371000,,,,,,,,,,,,,,,,,,,,,,,,
CERT,2195322000,NASDAQ,159776000,4706000,1358000,9174000,3936000,-589000,2210000,-9699000,-1762000,,,,,,,,,,,,,,,,,,,,,,,,
CFLT,8867014000,NASDAQ,211915000,-103425000,-152555000,-105884000,-116049000,-117631000,-112987000,-114439000,-95666000,,,,,,,,,,,,,,,,,,,,,,,,
CFR,5857645000,NYSE,64123000,162118000,177653000,191174000,169760000,119114000,99102000,101021000,107975000,,,,,,,,,,,,,,,,,,,,,,,,
CG,9913079000,NASDAQ,359952000,-98400000,100700000,-1667300000,280800000,245400000,571600000,647600000,532800000,,,,,,,,,,,,,,,,,,,,,,,,
CGNX,6380012000,NASDAQ,172293000,57474000,25615000,55311000,33980000,58901000,67333000,53535000,78900000,,,,,,,,,,,,,,,,,,,,,,,,
CHDN,8400313000,NASDAQ,74869000,143000000,155700000,1000000,57000000,339300000,42100000,43300000,61400000,,,,,,,,,,,,,,,,,,,,,,,,
CHE,7825208000,NYSE,15076600,53377000,54121000,62126000,56873000,66456000,64169000,74625000,72003000,,,,,,,,,,,,,,,,,,,,,,,,
CHH,5809545000,NYSE,50378000,84710000,52820000,55513000,103080000,106168000,67391000,64083000,116655000,9373398,7427751,10659468,9073000,9340159,13858262,7302452,8127966,6773526,6447061,7040995,8952372,10024540,11104760,9752182,4759544,7445951,6151499,4378874,5737861,6472300,6908229,4734629,5886847
CHK,11828691000,NASDAQ,132356000,391000000,1389000000,3580000000,883000000,1237000000,-764000000,1434000000,-345000000,26127135,27139108,62173312,23538104,23530474,33789748,24229629,34284580,34486024,32473862,34101734,44367760,39508425,41626115,57736166,36609819,64632614,49429342,32671745,46337197,33069633,32329789,21015804,28472217
CHPT,1380902000,NYSE,401425000,-125255000,-79388000,-78662000,-84480000,-92700000,-89266000,-60149000,-69442000,321653885,296428652,149395624,206623575,316538932,179893921,164891980,198439622,168431297,210120201,230810124,161156663,156494843,236807805,222396952,193671457,236632083,225689004,161031303,216837761,176574744,208140499,240267851,219619048
CIEN,6227105000,NYSE,147842000,29733000,57654000,76241000,57645000,10512000,38922000,45823000,103499000,21145526,27289540,38922260,39420953,57129745,33981448,28177843,49923703,28487548,24864950,50174660,36889374,31698442,49666835,27200197,21557201,42032319,30587374,21134465,42647223,32224901,35868958,41121019,22545599
CLF,7319934000,NYSE,508682000,347000000,-57000000,-214000000,152000000,596000000,801000000,893000000,1274000000,132020108,201249190,268664749,164159283,165434667,205914785,200781171,231680928,187627436,230823685,263004242,270527828,299292863,308403796,258948458,370457111,379538575,372106697,393461294,638281009,388382570,478564478,376880487,383284831
CLH,8601313000,NYSE,54151000,115766000,72401000,82474000,135799000,148157000,45314000,48993000,65443000,3384422,5471639,7068224,7026251,8675006,8909640,6173875,11889640,6939985,5589574,6290885,9750332,8421575,9302858,9197879,4491938,6611090,9993102,7617367,13434228,8877113,6670262,8201404,7563608
CLVT,4578104000,NYSE,676234000,-123100000,43500000,323400000,-4415500000,62400000,69500000,-111400000,28400000,70740683,124187905,218086773,68750809,94369002,151072416,85181626,139117999,82507905,177091607,131219736,150699249,162595208,174987296,127857723,75185291,106330048,124961008,67307706,146424388,153706426,115112840,84731704,88639005
CNA,10921157000,NYSE,270862000,283000000,297000000,248000000,128000000,190000000,295000000,266000000,256000000,1912243,2803975,7737355,2945678,4558249,3564404,2677390,5473976,4864106,2667355,3890399,3426536,4832200,10254888,5075920,3145517,2806615,3218472,2745442,4438300,4050220,2580333,2313315,2668811
CNHI,15189856000,NYSE,1330110000,706000000,482000000,592000000,556000000,548000000,333000000,302000000,323000000,81263861,200868800,95829139,109484483,203229493,122406694,92271113,109098740,106321576,68254357,84733551,93139536,87274545,70558584,72291133,73018328,81505788,100541104,89337883,169517441,146111679,123716089,89340083,91838183
CNM,7230892000,NYSE,172926000,110000000,86000000,54000000,111000000,115000000,86000000,28000000,64000000,28583749,51476911,17752644,15907516,39069908,17308043,26102822,23998845,11754310,12251161,18701339,14817747,15674177,25181583,6394017,7075208,12523462,11242129,9478828,19044171,14609943,45108800,10613092,5590007
CNXC,5296330000,NASDAQ,66915000,77635000,78850000,87870000,104944000,106690000,113142000,110273000,124108000,6388917,8839039,6288411,9718333,12876962,8273518,6328697,7658628,3474401,5262247,4652808,2796668,4503509,5398888,4933886,5583629,5075123,4779631,6739278,6311923,3955746,7732505,4566269,4215072
COHR,4836068000,NYSE,151411000,-178234000,2546000,-45072000,-38698000,43636000,49002000,67657000,74464000,29687471,54838023,102768670,45602454,101696607,58518026,24006124,30606334,26626508,21734117,31951504,38383339,27165105,44239384,45622553,33612972,44899297,35635303,24715428,27527042,27179213,27111571,26790003,25279478
COIN,17415834000,NASDAQ,189950000,-97405000,-78896000,-557001000,-544635000,-1093654000,-429659000,840208000,406100000,105454231,129154997,206046839,360323527,392178755,266435475,276425584,484905969,431582417,348999500,233864353,425887613,233586204,224691916,347634516,293349856,289865999,411974904,86594188,98433073,93967927,111867363,90585485,115317696
COLB,4142220000,NASDAQ,208571000,133377000,-14038000,82964000,84040000,78591000,91157000,42911000,53017000,22097653,31432370,30809917,44589615,36066183,53615266,39725456,85998803,58210699,26307843,23902930,15917807,24320041,17995945,13634072,18053349,19866520,16755764,18445484,19674385,15643149,17449309,17734878,12793125
COLD,7367819000,NYSE,270255000,-104724000,-2562000,2944000,-8912000,3935000,-17407000,-7965000,5294000,36654455,26838831,26957210,23038221,31978473,31332880,22852644,40826917,25163035,20857773,22585072,34686007,41868288,32927709,31259182,31553011,52496848,42655151,36590335,41352385,36993948,46373617,39579440,47834388
COLM,4477725000,NASDAQ,61330000,8350000,46202000,125690000,111750000,7163000,66837000,156961000,100563000,6148790,8151663,11347127,7772457,7836899,8066264,6039154,6458060,6805919,5557532,6001341,7551618,8572479,7876383,7111197,8073277,8212605,11313574,7083443,9835375,9820218,8184318,6675898,4639335
COTY,8580263000,NYSE,890993000,32900000,108400000,238300000,128600000,-281500000,53600000,261400000,226000000,95345327,113082308,85044013,96255893,94582281,125095890,86137064,124724851,141033979,111772046,112273178,130007266,124528490,163220529,140863102,121214996,179114331,249727444,161412359,201777086,210770982,189699624,115650381,232268255
CPNG,31286802000,NYSE,1608940000,145192000,90855000,102064000,90679000,-75491000,-209294000,-404979000,-323977000,84166735,129033969,157695795,130488618,237740261,187500729,96569711,201465995,135694644,130217646,167030040,184393962,158545794,109461153,168469137,202852788,155839614,333278735,136316462,347024609,186744351,228997731,161242906,149515263
CPRI,5992824000,NYSE,116140000,48000000,-34000000,225000000,224000000,201000000,81000000,322000000,200000000,27542111,41517930,121539030,39600688,57238280,59264648,36476791,69723669,70846579,27135931,38774444,41933543,34177679,44597309,40271806,40256316,62672135,59555777,34600300,75891133,48287551,34470829,30451533,44572535
CR,4768957000,NYSE,56773000,45600000,105700000,106700000,-59300000,280500000,105000000,72100000,116600000,2577882,3386787,4664404,7202540,7436397,8788945,11034033,,,,,,,,,,,,,,,,,
CRI,2519779000,NYSE,37258300,23867000,35996000,80179000,64957000,36970000,67933000,96973000,84976000,8267681,14136784,14370201,15998886,19204574,16151112,15043472,18249631,15283707,11828775,11742837,14750829,14974903,14501621,12605617,17265017,18018880,16101848,12336364,11430232,11003741,8905265,10505861,10085809
CROX,5205861000,NASDAQ,61644000,212412000,149543000,137735000,169349000,160315000,72760000,154853000,153489000,18751657,26522562,37211089,44098719,39790280,35448624,36694495,34002449,35558459,27567647,28027987,48443793,33339155,29472426,39510033,34713266,32517710,45516225,26626644,38618390,38103147,45667871,41739471,22461789
CRUS,3798494000,NASDAQ,54710000,15600000,-53669000,103477000,87188000,39707000,96414000,127636000,85096000,5771574,10156699,10893795,9413581,10919638,12798076,14011362,11147107,13363498,9128376,9332795,12548118,11076179,10888322,10169187,7089615,8842874,11225735,7432700,8464767,13975165,9287181,12400395,9913599
CRWD,44347707000,NASDAQ,226056000,8472000,491000,-47481000,-54956000,-49285000,-31523000,-41980000,-50455000,52053638,60217359,85109505,66933783,91652152,87267532,68062102,135805126,83319678,110875365,100581932,124631254,56997086,68520553,82620601,62384048,96501072,117559967,79628930,144590069,72080043,106610878,89397410,81778387
CSL,12311024000,NYSE,49919000,194600000,101700000,174200000,254700000,301500000,193600000,128100000,142100000,3777378,10012021,7336690,8356092,9525154,7746520,8705557,10742936,7548960,5802298,6569006,12949749,11420831,10000076,12494638,7774853,7278786,7412829,8001785,8158090,5798546,5594337,5347135,3669987
CUBE,8182630000,NYSE,224809000,97879000,97566000,81357000,112888000,58358000,38155000,39232000,90569000,24149736,31715814,38586058,26535613,32630236,27069009,40622208,43196013,48121137,40539197,88193983,27719618,31186323,26977112,27552550,21330055,37487158,41081311,26414222,35634800,28744210,39577068,47894789,35700293
CUZ,2783994000,NYSE,151774000,22621000,22196000,24118000,80639000,34052000,27984000,167305000,54018000,24601016,32898695,34182574,26240822,30324285,33463827,34089468,56926409,22869289,23406235,28102133,24829819,30404937,23265307,18026019,19243610,20186328,14023298,15733309,18895955,22152056,16037497,17548935,13789016
CW,7787488000,NYSE,38305400,80999000,56846000,109023000,73768000,70872000,40685000,76579000,69703000,2696868,3286792,3493969,3134931,3472423,3164709,2345255,3324947,3657350,3835557,4048897,3984175,4526375,4423923,3637322,2613100,5001320,5554490,3846835,7317164,3254229,2975848,4599605,3327213
CWEN,4276465000,NYSE,82386000,38000000,0,12000000,32000000,570000000,-32000000,-8000000,21000000,26025592,24401246,21705142,17527293,29050539,16176504,14982664,22128068,12534090,11726600,11661164,10525600,13249323,12577081,17588770,10960902,14453870,16989504,18791324,14378862,9482886,10647274,11790520,14717260
CWEN.A,N/A,N/A,N/A,,,,,,,,,,,,,,,,,,,,,,,,,,,,,,,,
CXT,2992061000,NYSE,56797000,43200000,43700000,97200000,-59300000,48800000,49500000,72100000,116600000,4291913,5281307,7031420,6882727,9867871,11162525,19315157,10414626,5954313,7259154,5399470,5058496,5273839,4006914,4618375,3462264,6637939,5799518,5869074,7285654,5262290,6290651,5470476,4956667
DAR,6891607000,NYSE,159491000,252383000,185801000,156560000,191081000,201996000,188053000,155754000,146812000,31851282,29833974,25610224,22765952,30139560,32403885,22592423,35488977,25902418,24023747,39409654,41566787,32698880,24450417,27436253,29850648,38816168,29913459,27844577,38936286,21317843,25529969,34984500,23440042
DASH,29642871000,NASDAQ,365829000,-170000000,-161000000,-640000000,-295000000,-263000000,-167000000,-155000000,-101000000,51128994,58424872,85333436,53842816,67486429,90493236,56686899,90581728,134285013,80635646,86494007,141156713,115442172,109835699,146140663,99089514,120844796,167859720,83517679,122721437,151680153,97359174,70339625,91469215
DBX,9365040000,NASDAQ,257875000,43200000,69000000,328300000,83200000,62000000,79700000,124600000,75600000,33494308,50090162,76741581,73575915,134046131,90441103,54898043,83847871,63558227,43309059,53710242,63360775,53642588,48378984,48904172,47476234,80334444,80971463,52176946,81410083,93257751,73665769,75492821,111646823
DCI,7094192000,NYSE,120588000,91900000,93700000,86000000,87200000,101000000,83000000,71800000,77100000,5829912,7098229,8473064,7409232,13746716,8670564,8707989,11401990,6716367,7281735,9620557,9234469,9203710,8418663,6626585,6919229,10826224,7690730,10292544,10121299,6541410,9777711,13642764,8132316
DDOG,28619411000,NASDAQ,299067000,-3969000,-24086000,-29034000,-25985000,-4879000,9738000,7169000,-5484000,53524062,63420794,123977030,80650264,86390768,129413011,90243080,125435467,108169051,96667359,83186166,110340267,89795634,87928040,98585514,95292521,120359497,145609604,71051456,100249985,101164014,92948766,87439297,71540101
DECK,13299325000,NYSE,26134500,63552000,91787000,278662000,101524000,44849000,68819000,232943000,102063000,4896950,6839687,7729467,7677547,8484970,12747360,6001088,8281083,8396312,7187778,6915306,10027777,9447797,7418131,6787197,9340773,7464657,11457240,7086041,11806546,9504839,6612420,7262736,8140672
DINO,10263328000,NYSE,181039000,507661000,353266000,587027000,954405000,1221262000,159974000,-39530000,280787000,25265688,46548437,50988701,33512612,46364303,66654188,44891841,66069284,40567489,40437582,51463063,52029193,38826067,41207298,35502071,37211137,61548473,49690302,33874818,61309983,48431939,41259021,32848267,38430974
DISH,2696062000,NASDAQ,295438000,200323000,222705000,954469000,412230000,522832000,432651000,565412000,557042000,118770117,156013606,209702348,219324642,376696207,284466800,152763749,204461507,100608536,91158644,101955736,89066881,97575916,93723743,76927064,55968868,100056392,136909219,46417426,49915077,58638670,67119316,58871584,66272576
DKNG,13246487000,NASDAQ,463975000,-77270000,-397148000,-242697000,-450494000,-217103000,-467693000,-326297000,-545028000,136567362,201136358,344229975,193085948,207050951,308064424,209592913,225881471,371199934,223763602,249272835,485509701,447136097,397344585,522969895,330049583,423946895,576242189,414060199,579497583,585483051,578689901,379825874,345095520
DKS,9251364000,NYSE,61452000,244331000,304649000,235621000,228456000,318502000,260559000,346093000,316513000,18241258,33512728,58789365,18850759,25588464,41441595,23222001,45942308,16984029,21841822,32706647,42176335,29683070,36969062,35795143,28775395,39955028,94732966,28181538,42160607,25915823,45263290,52804197,50573302
DLB,7690509000,NYSE,59556000,16399000,95696000,79375000,27756000,39597000,36720000,80014000,44191000,4840363,6882530,25375402,6479769,6666558,7707093,5158728,8292591,8101351,7138659,8132655,9535697,9046809,9230762,9119482,10054999,9351515,12924214,8450464,11645652,14324989,9139960,11713504,9230518
DNA,3484091000,NYSE,1600990000,-173315000,-204969000,-176544000,-669055000,-668825000,-590505000,-1600656000,-101881000,256864807,388426935,524042602,450600217,530591090,495565552,314998453,483461553,387270206,393683746,467005325,564966691,523156809,501597034,729585831,379397226,556648433,516615853,396060546,498045813,214417347,256455141,251928406,92537205
DNB,4251708000,NYSE,439226000,-19400000,-33700000,22800000,8000000,-1800000,-31300000,-11600000,16600000,33339790,50451133,52408859,48860404,58488624,69051652,43027291,57529189,55957293,41308541,60369425,38782984,34023419,46883722,50549801,63955999,36863315,31382201,26597714,37464055,44415891,38726301,48176546,58069520
DOCS,4205779000,NYSE,125514000,28406000,30668000,33468000,26299000,22383000,36726000,55647000,36088000,23894838,53261142,64219185,24442009,59243960,36369681,22265160,33476033,48088151,24202589,27771190,65436761,38403002,33320587,49870191,30646768,45680799,76489033,24087113,56757008,54058798,35878582,57405722,73277377
DOCU,8244026000,NASDAQ,203205000,7395000,539000,4863000,-29866000,-45078000,-27373000,-30445000,-5676000,43506883,110134250,47817907,50662765,131660591,55411653,59833375,123251256,70595769,84361574,177060137,94524052,97246319,140731771,69258104,70610406,161991250,92696811,78940732,193597379,65803801,102424229,236915739,36236560
DOX,9681576000,NASDAQ,119026000,159428000,149603000,129667000,128936000,128466000,158497000,133602000,123525000,14048670,9944661,13245733,12000597,11726887,15422728,10031192,16130022,14256681,12338979,11859545,12050642,11739662,15755543,12130201,12233275,14750611,16396532,11654133,13726847,14179150,10621383,12230201,15461863
DRVN,1884735000,NASDAQ,167532000,37749000,29749000,27398000,38391000,-57044000,34443000,-38757000,33124000,20066989,31950770,61710054,8554465,10505845,16672159,8084361,9384411,9545931,11862084,9930487,10939199,17373716,17755163,9526180,9066550,8499989,9391310,8599143,9799661,10210447,10924742,10816644,7588896
FTI,9063647000,NYSE,438069000,-87200000,400000,-37300000,-10300000,2100000,-61700000,-155700000,-32200000,72799012,165997360,94744349,163001637,129560638,134495576,79399191,125694251,129332544,99802366,112377298,198456850,177332333,185421153,157209151,144197192,222921692,170421834,199194877,263788457,216637330,194649284,114351289,109198537
FTRE,2491728000,NASDAQ,88800000,28300000,-11600000,66400000,,,,,,21706807,34480044,29449404,,,,,,,,,,,,,,,,,,,,,
FWONA,15824089000,NASDAQ,23974000,253000000,15000000,562000000,391000000,622000000,240000000,-231000000,328000000,2371311,3651030,3382906,2919752,2897004,1812471,1661936,9695357,3486855,2521446,2989153,4278893,3491990,3452644,4014747,2449728,3617632,4140435,2161963,3556548,2871849,3379771,3714417,4603225
FWONK,15827554000,NASDAQ,208137000,253000000,15000000,562000000,391000000,622000000,240000000,-231000000,328000000,,,,,,,,,,,,,,,,,,,,,,,,
FYBR,4082057000,NASDAQ,245759000,-2000000,3000000,529000000,-52000000,101000000,65000000,-4509000000,-64000000,51147215,52874965,52066992,90455814,52970363,67562932,24676754,45724801,26382871,19069398,18984385,24059168,33069476,68721929,18846403,20487132,45619449,38346227,12375606,13836312,16934740,16608482,22513727,30333081
G,6395086000,NYSE,181318000,116252000,106101000,89712000,95843000,71670000,96179000,73085000,102386000,15549516,22879243,29090097,20679753,32470688,43834289,13638427,20928264,15924931,12490344,19460211,21936088,17279738,19710570,16154063,14940741,23616091,32529491,18544459,22099630,19944137,17426502,17378514,13804340
GDDY,11103147000,NYSE,146812000,82900000,47300000,93600000,99800000,90400000,68400000,87200000,97500000,15573452,64896657,33108747,20657616,30547597,36932914,15631783,23786099,18626465,18296533,16215753,22211207,15741264,20485529,19044350,15547955,23681333,43120948,30735816,38005317,39819919,31016475,46236954,36947577
GFS,30756254000,NASDAQ,552673000,240000000,254000000,668000000,337000000,264000000,179000000,43000000,5000000,15877145,26021249,35208375,32946147,28507337,37246525,22434800,27892466,41862141,28336901,60104195,44874917,33081428,37545934,59655470,47921840,42375507,49177884,39314912,65122679,54640059,44382445,40856790,60623189
GGG,11954564000,NYSE,168993000,134268000,129166000,126192000,116232000,117378000,100843000,120232000,103829000,10572312,11736346,11828041,16204111,18907233,23065056,16320011,19592013,25842904,15489528,13874613,22049615,16007134,13487762,12018623,10849419,12050657,16662443,14508804,13525356,12796858,14289656,15073312,9999437
GLOB,7847449000,NYSE,42434700,36993000,36419000,39418000,36100000,37092000,36623000,29131000,25610000,5548576,6111742,9938805,6657939,9048252,15310312,7908308,9044349,9081339,7502333,5375490,7018384,5967470,6347861,9658399,4640301,7472193,9847002,5561582,7970591,5637092,8500908,9913735,16322069
GLPI,11989516000,NASDAQ,262640000,155630000,183351000,194117000,219954000,151314000,119268000,119588000,149059000,19014248,81985806,25035971,21000600,23766780,30316725,14157723,27503275,21407595,21424521,25095417,29752246,34367070,37379930,49568170,29230923,31417022,32988630,31641131,29053519,23262593,27280899,30586892,16418530
GME,4016972000,NYSE,305241000,-2800000,-50500000,48200000,-94700000,-108700000,-157900000,-147500000,-105400000,50749933,73568340,59304059,47306748,128260520,64046334,49876026,171946660,81865591,103365525,116516140,81888567,102994916,109107845,164360851,76902272,69666642,92027596,57866699,157929302,46278150,84588115,59490363,52847547
GMED,7184692000,NYSE,117350000,57712000,49129000,50065000,47431000,54590000,38084000,15106000,47211000,22609831,36407872,56949919,14942244,16556667,32934224,23790744,34434539,46918065,9508678,10065448,16319411,9693999,13321392,13964301,11103825,14896780,17578228,22864914,13091594,10738323,10857764,11323136,11894444
GNTX,7082448000,NASDAQ,233436000,109155403,97578261,86168000,72656000,72404403,87528626,84179000,76661000,23043383,26277905,34328138,22138865,26012014,23115362,18245993,30575499,24338928,26524301,19289025,19534698,23424194,21081134,22696134,24500078,26360362,20619787,22864590,29585317,22871770,23700470,26427034,22922438
GO,2718354000,NASDAQ,98777000,24471000,13720000,15889000,17495000,20094000,11574000,6639000,17139000,13041524,19997515,27603473,18569386,17740038,21702766,16289819,27539339,17806599,16156701,23139879,30565974,22736783,23868280,29931716,18057139,27593227,27599983,16019602,20849399,13577471,16726847,21338074,28542453
GPK,6423782000,NYSE,307211000,150000000,207000000,156000000,193000000,66000000,107000000,39000000,73000000,51960478,72416441,81558384,68485446,145956507,62128061,50043667,71852420,64875620,63803967,62656531,57249017,65632848,57704518,64588858,56408053,62070277,63384984,56409032,60479995,61500291,53888474,44689616,42349103
GPS,4431174000,NYSE,369881000,117000000,-18000000,-273000000,282000000,-49000000,-162000000,-16000000,-152000000,107284153,151470719,182593045,147083201,184259794,237377620,161655155,245646158,125732994,132709019,148681931,223102875,170185927,144149329,180691533,169455737,210774041,255497273,222802908,245918992,228207583,176199706,173752069,240136898
GTES,2936636000,NYSE,264086000,64900000,26400000,84900000,51900000,53100000,30900000,62700000,70200000,26336585,32777294,46964308,17913055,23861409,64645006,9316906,17904338,20148210,9026874,12444936,13386391,24048469,16434921,11180887,11967772,17484562,18917382,21109670,29298420,15002538,9797563,14816656,15843465
GTLB,7068243000,NASDAQ,104100000,-50080000,-52469000,-38733000,-48455000,-59024000,-26099000,-45785000,-41227000,19001492,53334835,25714044,31330934,91171131,53724777,39012835,94616042,44855138,30980187,57051449,35037013,28853785,50510229,33217464,31574545,48584867,34960573,28305424,51035194,14822001,22560663,25821888,9874736
GWRE,7253923000,NYSE,81441000,12220000,-45568000,-9189000,-69318000,-31030000,-57444000,-40681000,-51276000,6880421,18540452,13041563,8488104,25160981,10641679,9371130,23877972,10450098,15291143,27907775,26942326,21101143,20057649,8695021,7789019,12429164,15193288,7795612,14222297,13315581,10440010,12931799,8471684
GXO,6339289000,NYSE,118936000,65000000,25000000,46000000,63000000,51000000,37000000,56000000,72000000,10429536,11884082,14006559,13577015,16695280,19075901,14495465,17183101,16842935,19995896,18673711,26515967,20463224,28457504,26408129,18020708,26448624,26552337,27857121,21961680,12591173,17716465,20430470,13911442
H,10890259000,NYSE,45917100,68000000,58000000,294000000,28000000,206000000,-73000000,-29000000,120000000,23127257,13274403,17500258,10424328,13206174,21522887,13187305,22273792,19007914,16744833,15400998,15770389,13626355,21000545,15566940,10835990,16591139,24601068,18046585,20777202,23852384,18656560,20033470,16757784
HAYW,2719386000,NYSE,213118000,29453000,8410000,15968000,23087000,66260000,74032000,63721000,50321000,34986086,76306978,63842128,33380273,30197418,51939418,29540663,47267192,29560017,44536192,29473071,27118535,33648314,40657894,32839674,34242804,34899380,50243249,22962097,28102710,14808907,26246994,24438759,26515557
HCP,4129814000,NASDAQ,109377000,-66315000,-53258000,-49359000,-71958000,-74764000,-78217000,-227700000,-21951000,32172308,37159036,33788355,36297339,78930500,26035550,24103258,37215591,29299550,26024702,39267579,31739414,27000963,35498206,29603434,24072170,49152846,33442030,23700916,32457492,12838509,17241637,,
HE,1370150000,NYSE,109612000,55083000,55194000,57821000,62553000,53014000,69640000,54994000,63886000,32189928,128792437,353676741,8706634,8174428,7805538,6016481,13120843,8486062,5837139,7698055,7135547,7937785,8384413,7829740,7058172,9750502,9681044,6401797,9417466,7899724,6721426,8808870,6550293
HEI,19501046000,NYSE,54713000,102023000,105120000,93027000,97204000,82540000,85010000,86921000,86062000,4397758,6846132,8911430,5476699,7654261,9972237,4559578,6398499,7296920,7392253,6634511,6054098,6080194,6686266,6592593,5989938,6584900,7604141,6486741,9339412,7887838,8552455,7466765,6807983
HEI.A,N/A,N/A,N/A,,,,,,,,,,,,,,,,,,,,,,,,,,,,,,,,
HHH,3338857000,NYSE,50103000,-19143000,-22745000,52751000,108096000,21564000,2122000,113800000,4053000,3793436,3327652,,,,,,,,,,,,,,,,,,,,,,
HIW,2019006000,NYSE,105676000,42919000,44455000,28172000,38872000,51133000,40881000,125544000,72726000,17643378,41962389,20944933,20857531,24107547,25709705,23132503,34208959,16050721,15390921,16831731,14390944,25557771,23282561,18947652,14711953,18598622,14629262,10662859,14938737,21258801,17139178,24880635,13004315
HLI,7094612000,NYSE,51450000,61390000,59660000,63051000,60730000,70782000,65173000,173735000,112883000,3672573,6905386,6127050,7567082,15644607,8606113,8362490,12208768,7353384,5915656,7797006,6481105,6261190,6218755,4903182,4990321,6079556,8131971,8750125,10235042,8705167,9926423,8353240,6907467
HOG,4220856000,NYSE,141687000,178039000,304090000,41871000,261186000,215849000,222502000,21567000,162973000,20816194,23860761,25054610,38566379,34603502,39760964,37554756,52707826,26754143,26817655,26070265,30794659,36082258,39947299,23610039,25476260,35165755,45522810,35469818,42714471,49477812,34857766,57470697,29578472
HOOD,8329712000,NASDAQ,784179000,25000000,-511000000,-166000000,-175000000,-295000000,-392000000,-423000000,-1317000000,78049322,115028047,209869405,253818123,190504369,169762115,115440498,152135723,158167256,136877535,156005796,324099092,156304073,277724404,268209175,187395824,541599231,441506692,323511987,537294848,417893095,553751876,368281211,202749790
HR,5533866000,NYSE,380858000,-82759000,-87125000,-35764000,28304000,6130000,42227000,21607000,-2066000,49113722,54703650,62319446,39884440,47829806,58225008,41290756,88098575,42715296,54874355,57944341,60693353,57526822,63471886,79314931,221508040,86632436,106905354,63094153,91523597,43770911,21378311,22438704,17522389
HRB,6343444000,NYSE,146196000,302271000,643429000,-223579000,-168421000,222703000,673177000,-190605000,-151601000,20017635,31260829,34828016,20794512,35791451,57447576,23810089,35578010,28089470,33383808,31914759,38074281,35541134,36929498,49550363,31354492,41203104,76785050,37963303,55546378,51044907,46349831,39150939,39342285
HTZ,3430052000,NASDAQ,311257000,139000000,196000000,116000000,577000000,940000000,426000000,-260000000,605000000,54731421,69966046,54056629,68968354,53707895,50166888,72086561,115255757,62656040,46322095,61842738,49912024,84856040,90592592,81376656,95754177,129950231,119950476,84167067,139204107,126315905,129806461,118146501,121095299
HUBS,22248305000,NYSE,50015000,-118946000,-38282000,-15636000,-31411000,-56361000,-9341000,-16371000,-13735000,10896143,8333474,13166789,8545880,11087109,15218412,9515550,13094336,17370101,14557778,12451574,19610337,14362885,16492805,14231272,16032362,13293699,20626632,11849951,15433216,15760473,21492309,13121488,10956468
HUN,4128943000,NYSE,177895000,19000000,153000000,-91000000,100000000,228000000,223000000,597000000,209000000,30385254,47717313,39893493,32966624,47922235,36337917,37084023,68813206,44202436,33845039,35220018,49629222,45503084,61549153,57067028,43063031,64340440,45032493,45128108,78123559,47809036,41262783,41708296,38937617
HXL,5483513000,NYSE,84466000,42500000,42700000,37000000,26800000,44700000,17800000,18900000,9000000,7763477,10340165,11520993,13290033,9793896,11435086,13228088,13119983,12895365,12906413,9169465,10293328,14197093,12189809,12794640,10251258,14251922,15037350,13850965,17160928,12906633,13141178,19014867,11181752
IAC,3907710000,NASDAQ,80056000,-89045000,417775000,-1419000,-63823000,-869130000,-235798000,12972000,60690000,8658517,12650474,14903822,9060207,11405820,16605544,11200177,18343684,18378813,18492054,25125435,30459783,26150552,18778350,13872522,10621037,10923115,14064756,10601417,13465748,11439232,12417855,10379102,14178757
IART,3160098000,NASDAQ,81404000,4184000,24226000,52946000,49915000,44788000,32901000,45384000,43229000,10330864,12516140,11753628,15969092,14112863,21036912,9012504,11643055,10084306,8665389,9992005,9957639,16253009,10732056,9864364,10550756,11600937,7934490,8588462,13258828,9006119,7434048,8972932,7788749
LEN.B,N/A,N/A,N/A,,,,,,,,,,,,,,,,,,,,,,,,,,,,,,,,
LSXMK,8237999000,NASDAQ,218680000,253000000,15000000,562000000,391000000,622000000,240000000,-231000000,328000000,15385097,32030428,33794861,30767597,22647508,23904538,21815221,38445112,21528133,11885310,15096682,22014599,14355198,18069865,17934698,16775861,23553119,25256026,12982640,24077369,21842893,14161951,17222040,18540274
RGEN,8156031000,NASDAQ,55756000,20064000,28829000,48729000,40405000,49861000,46964000,29110000,33498000,10150328,9048914,10284168,13122739,12970229,12517531,11307508,11883057,12012837,11301940,9308398,15773468,14306116,9775304,13613166,9979690,10404369,9667217,13680799,9019043,8007918,11368657,7696624,8495209
WING,5440934000,NASDAQ,29977600,16181000,15669000,17596000,13368000,13307000,8676000,6896000,11290000,8248857,14150991,13756049,9774352,14548092,13185396,10643174,13266179,15552850,9836408,10662142,9539502,22407880,15524741,14204571,20200894,15192834,17956110,10227965,13114559,10282696,7608409,6588446,9625940
WLK,15065788000,NYSE,127687000,297000000,394000000,232000000,401000000,858000000,756000000,644000000,607000000,6414179,10355212,10493205,9277007,11307091,10869576,8049154,12308313,10680732,11137972,10595156,17613360,25109240,17142088,16815712,13481995,19884144,21467256,14896260,15144350,12087450,13086886,10634304,12910106
WMS,8672668000,NYSE,78692000,173652000,85893000,82040000,152007000,187146000,46307000,73678000,75359000,8373764,13048316,14304853,12353476,14997560,12969012,11584534,35567991,19730257,13982400,15323055,25452103,12650661,14385050,17573416,11682011,15852063,9993709,6666971,10783835,9711826,6935416,7903600,8409652
WOLF,4074643000,NYSE,125258000,-113300000,-99500000,-90900000,-26200000,32400000,-66500000,-96700000,-70100000,54603791,55382172,69565889,61214336,54195373,78767300,57910527,56286264,34351086,53069868,45043621,66397625,66964955,51016184,59962217,29540924,33250788,46408357,32605654,41669467,34190562,42222408,28745524,38829805
WOOF,846137000,NASDAQ,229974000,-14606000,-1892000,32732000,19920000,13456000,24693000,28994000,52752000,71742024,111212681,110782870,54660150,51772509,84180815,46851120,90379352,28201886,32062644,49328202,67744474,40764001,41057424,64123160,39864722,45153538,102298450,31715586,45746205,28375632,42095524,38799691,52277596
WPC,11449319000,NYSE,213926000,144620000,294380000,209538000,104928000,127678000,156995000,99562000,138547000,27242337,38631136,21500284,21588941,24205457,20335906,22199051,23364842,17622887,14093042,24568499,21470769,22296446,23425454,21633011,15213837,29774619,22464105,18900743,20897629,18025469,17248735,18541705,15614988
WSC,8274971000,NASDAQ,197305000,87729000,210884000,86400000,128593000,73376000,51171000,74223000,61103000,20176745,34598752,47657103,26489250,39577717,36381594,59186745,53831747,33607001,26056072,31405227,37775561,40509034,36397927,43607355,33746960,76437812,56324289,46607224,38622248,31014618,32185930,35227156,50203971
WSM,10284368000,NYSE,64145000,201507000,156531000,354993000,251723000,267075000,254113000,402941000,249524000,14002965,26491153,27794121,18507703,22939727,24203980,17217329,29864018,18401271,17964120,24486542,27858457,24009045,25703866,26516399,22438883,27932856,43436518,25630517,35219923,21685411,27026270,24568181,21383748
WSO,13940966000,NYSE,33817800,172764000,110073000,137671000,157641000,192557000,113298000,78886000,140865000,6864248,6761409,5824596,6038656,7679599,8616197,7481183,6553990,7031546,4856154,5268789,5739719,7985221,5400642,5189161,6242860,5997650,6057594,6202636,4741239,3723621,2628464,3141493,1981934
WTFC,4733693000,NASDAQ,61212000,154750000,180198000,144817000,142961000,94513000,127391000,98757000,109137000,6856683,7410352,6197377,10552520,11293704,11061047,10216468,20169346,7108016,9505083,9172569,8232985,10609969,7771958,6750867,9007600,14335381,7172375,8511375,10561617,8695703,9590707,6813774,5826815
WTM,3822675000,NYSE,2560400,19600000,179500000,40400000,888200000,-169200000,33400000,32800000,-371400000,,,,,,,,,,,,,,,,,,,,,,,,
WTRG,8855661000,NYSE,264506000,91268000,191434000,114932000,68638000,82291000,199376000,116506000,50503000,,,,,,,,,,,,,,,,,,,,,,,,
WU,4958843000,NYSE,374535000,176200000,151800000,249400000,173900000,194000000,293300000,168800000,232700000,,,,,,,,,,,,,,,,,,,,,,,,
WWD,7535283000,NASDAQ,60418000,84599000,35511000,29606000,54041000,39446000,47906000,30305000,49905000,,,,,,,,,,,,,,,,,,,,,,,,
WWE,8370225000,NYSE,52063000,52001000,36678000,38828000,41620000,49099000,66041000,60889000,43486000,,,,,,,,,,,,,,,,,,,,,,,,
X,7139308000,NYSE,222964000,477000000,199000000,174000000,490000000,978000000,882000000,1069000000,2002000000,,,,,,,,,,,,,,,,,,,,,,,,
XP,11711848000,NASDAQ,435366000,975353000,782949000,782949000,1030746000,911251000,989442000,854104000,935662000,68132740,128802464,94190665,92186956,159150539,136862651,115484024,154056331,122551773,76001998,88721106,110851439,99386001,61447020,116741087,62695259,83944919,122725656,73989466,97281395,71972874,79250993,78247177,81345754
XPO,8296279000,NYSE,115967000,33000000,14000000,-94000000,131000000,141000000,488000000,122000000,-57000000,22521876,29256960,36232147,44797143,36616021,41967110,54983176,37286689,40733424,28025919,25372531,39489875,32092219,32571254,33085788,23054747,31011329,35169107,40842231,37460934,32825903,27903926,29417206,31724835
YETI,3546655000,NYSE,86736000,38071000,10564000,-27738000,45520000,46252000,25659000,72881000,52967000,21712016,23475429,35877972,24576864,24905192,27029821,14962643,23918239,31344221,23881679,21898818,32873749,28013746,30576795,33295554,21179858,25254451,43354964,26157785,28205357,25924855,27378505,20871213,19152621
Z,9455844000,NASDAQ,169924000,-35000000,-22000000,-72000000,-53000000,8000000,16000000,-261000000,-329000000,32534643,46141989,63449307,50513131,61078408,65237352,37477822,51727424,75104251,92704594,78788526,78306072,66627746,87331976,82503325,59516937,91557877,143396442,73508736,84890045,177847236,82818100,117820788,268529953
ZG,9100569000,NASDAQ,56684000,-35000000,-22000000,-72000000,-53000000,8000000,16000000,-261000000,-329000000,5823233,8355505,11489628,11390084,8569219,10227755,5899547,10163774,14595974,13875672,19589982,15969181,11358412,16813693,16211312,14324010,25541982,32610283,15611941,17204955,31329138,17518397,21505137,49822038
ZI,11333562000,NASDAQ,401470000,38100000,44500000,23200000,17900000,15900000,6200000,144900000,-40600000,75507046,117256555,187760825,92589716,183517361,107549065,76935739,113777388,113328923,107227352,83172943,150316926,66654873,78838723,88302584,61673772,128545853,115434078,45591734,71343881,72499507,86053062,100543464,120783062
ZM,18885050000,NASDAQ,254292000,181974000,15444000,-104050000,48353000,45750000,113658000,490641000,340383000,43914493,68379608,82773345,65659901,80766317,106939854,76734985,81455607,97500866,62561706,66832818,98163274,72418009,85061402,129075530,80192888,108323924,146692202,76936299,132883521,80610673,84657822,99977398,113471764